Ctime,Freq,Array,Offset X,Error Offset X,Offset Y,APEX T,APEX T 2 hr ago,Elevation 2 hr ago,Azimuth 2 hr ago,Angular Distance 2 hr ago,Azimuth Sun 2 hr ago,Elevation Sun 2 hr ago,Error Offset Y,Modulus Offset,Elevation,Azimuth,T_Pan_R8_6,T_Pan_R8_3,T_Pan_R7_8,T_Pan_R7_5,T_Pan_R7_3,T_Pan_R6_6,T_Pan_R6_3,T_Pan_R5_9,T_Pan_R5_5Lo,T_Pan_R5_5Hi,T_Pan_R4_6,T_Pan_R4_3,T_Pan_R3_7,T_Pan_R3_5,T_Pan_R3_1,T_Pan_R2_6,T_Pan_R2_2,T_Pan_R1_2,Elevation Sun,Azimuth Sun,Angular Distance
1525661451.0,150,ar4,0.5074,0.0053,0.4151,-5.809090909090909,-4.8090909090909095,0.8302531251737025,2.178170906488923,2.7188191662832057,4.7727158509456755,-0.6789731268478746,0.0062,0.6555629412954945,0.8302531251737025,-0.6438519610607082,-2.008543531759924,-2.2221908601370703,-0.08235045303490221,-4.681624872285236,-3.1270975429607564,-1.6664706970477416,-0.8965180754299266,-2.246882186302087,-1.7537882016926571,-1.7554957217382776,-2.155814350462499,-0.7316947406138915,-2.3459657843588935,-2.8507278624287533,-1.5348460734112217,-0.02938211250929068,-2.846174492279686,-2.3023291684188725,-1.1595127823013502,4.523852001747733,2.1626949040520684
1525664101.0,150,ar4,0.5282,0.0046,0.4302,-5.718181818181819,-5.3909090909090915,0.8302531251737025,2.178170906488923,2.7335777550196214,4.701812603775111,-0.8563697365971233,0.0045,0.6812248380674327,0.8302531251737025,5.639333346118878,-2.625557590499221,-2.863471405793127,-0.7471360334047159,-5.299795806109154,-3.7487253226430517,-2.301151251732057,-1.502325770649168,-2.8814560446849287,-2.374780461315303,-2.3782007170577555,-2.7634090795492914,-1.3236638833523848,-2.8953271267384992,-3.4168713986245858,-2.0828696671040703,-0.542749013157792,-3.3639996695003163,-2.754193311248281,-1.329356663071093,4.290928553190792,2.320077237111456
1525664759.0,150,ar4,0.5198,0.0086,0.4771,-5.409090909090908,-5.618181818181818,0.8302531251737025,2.178170906488923,2.726729147362096,4.682113944101131,-0.900431439692162,0.0084,0.7055610887797031,0.8302531251737025,5.639333346118878,-2.7106559076463763,-2.9615359672586927,-0.8520908864040182,-5.397571820414099,-3.8387140560716015,-2.4090012302386064,-1.6037486077682375,-2.984828702038803,-2.480242630148677,-2.488460822697552,-2.86939443741025,-1.4290770927577983,-2.9926668149872007,-3.5144019151552564,-2.168759639153379,-0.6263565671107973,-3.455069638445423,-2.8243133209260636,-1.3685894766684998,4.182933613199366,2.3568881084486533
1525666684.0,150,ar4,0.5126,0.0025,0.3919,-5.409090909090909,-5.2727272727272725,0.8302531251737025,2.178170906488923,2.685100405243616,4.6158079204741105,-1.0290922448768671,0.0028,0.6452475261479116,0.8302531251737025,5.639333346118878,-3.0633307463329733,-3.3389564318011846,-1.227519918304733,-5.769241150918794,-4.217652967800391,-2.7826702560161474,-1.9737882158936417,-3.3494507167377217,-2.857643864736881,-2.871419939031809,-3.2195277453471225,-1.7901858894371225,-3.322943539220244,-3.8398799091007447,-2.49385971968044,-0.9184912301293403,-3.743589723551526,-3.093215300187258,-1.4560672800776606,3.5008985159463055,2.457156267404382
1525673896.0,150,ar4,0.4626,0.0142,0.4402,-6.218181818181819,-5.409090909090909,0.8302531251737025,2.178170906488923,2.3657653416178825,3.494015810980697,-1.4563478677847845,0.0167,0.6385724704369896,0.8302531251737025,5.639333346118878,-4.140356517726749,-4.469557381545781,-2.367630153659556,-6.908095197096998,-5.354377025677193,-3.941392058912328,-3.102220396750423,-4.4954557662067876,-4.019516289062455,-4.043838128149316,-4.358455031047135,-2.9233213600149175,-4.410804110368208,-4.911255353555346,-3.547614685941186,-1.9189985707606827,-4.764516677380024,-4.072720323224398,-1.1054257356753117,1.7149880042344872,2.634715672156276
1525674554.0,150,ar4,0.4504,0.019,0.4208,-6.445454545454546,-6.145454545454545,0.8302531251737025,2.178170906488923,2.3307706707193208,3.0822638243576774,-1.4629461237707244,0.0218,0.6163868914894282,0.8302531251737025,5.639333346118878,-4.2614785050385455,-4.589301747786767,-2.4936458890163986,-7.027599792054812,-5.474547881950998,-4.0609943684635725,-3.219752826159365,-4.6152643672801075,-4.139231453626869,-4.164503410295626,-4.474606517620473,-3.030498727928089,-4.519639854542416,-5.0251725901218185,-3.6509902079690395,-2.0211910081490996,-4.874063750598262,-4.179562054336236,-1.0617442523429634,1.6855072636604391,2.6274141605599914
1525678518.0,150,ar4,0.4698,0.0128,0.4133,-6.681818181818182,-6.0181818181818185,0.8302531251737025,2.178170906488923,2.113554077419781,1.8872290753857375,-1.273633161902354,0.0131,0.6257227261335487,0.8302531251737025,-0.6438519610607082,-4.739368384494308,-5.074933269027404,-2.988256961156126,-7.5224423892733405,-5.965165373598071,-4.575267120060536,-3.7100804622233183,-5.124732681381909,-4.647798084634471,-4.681240552850082,-4.980179780730313,-3.52956722491344,-5.018277606979158,-5.508655423760636,-4.13666124899768,-2.4994553678426024,-5.353746883821898,-4.666134424927874,-0.7968159447797376,1.5544681098741555,2.506029716003197
1525683758.0,150,ar4,0.467,0.0292,0.4077,-6.836363636363637,-6.545454545454546,0.8302531251737025,2.178170906488923,1.8228791173005192,1.6122360293072795,-0.9280050609342175,0.0323,0.6199260359107367,0.8302531251737025,5.639333346118878,-5.286328552381801,-5.636901027480154,-3.553556654688762,-8.092856457884452,-6.5381970671557825,-5.154050331183831,-4.295749422540189,-5.712917592502561,-5.237788745957936,-5.2813971471939105,-5.565562322215797,-4.100652889947637,-5.6034699622524835,-6.081353863817185,-4.721807358105689,-3.0736301648757296,-5.947821932446181,-5.290945347660987,-0.447458561391036,1.4245545759966685,2.2264789033409733
1525684415.0,150,ar4,0.4535,0.0132,0.4261,-7.172727272727272,-6.872727272727272,0.8302531251737025,2.178170906488923,1.7869440497378692,1.5917864298394035,-0.884042923223709,0.0141,0.6222728179825951,0.8302531251737025,-0.6438519610607082,-5.2619346700655685,-5.611224607557448,-3.537047877829885,-8.07748578364156,-6.51973967063972,-5.1418156414647145,-4.279606698306764,-5.701666138739011,-5.2307180763814864,-5.273898938418335,-5.557398722025219,-4.099806380574148,-5.608749747077171,-6.081502791153556,-4.716732422824321,-3.0878433815625628,-5.9502986712840915,-5.293232798755926,-0.4039964157834038,1.4089372991626057,2.1867256725205984
1525695759.0,150,ar4,0.4651,0.0166,0.7396,-5.199999999999999,-7.1,0.8302531251737025,2.178170906488923,1.2317270177603685,1.3066272582924998,-0.13292101189850647,0.0172,0.8736853953225955,0.6995279641993273,2.167175332201359,4.224186851466261,6.510040338942327,5.565481745098617,3.076249289078347,5.543871025317807,4.93891087195026,8.259474356042407,-1.2680804485602164,6.755953629534358,6.289378203100791,1.1088322540848403,5.167544898372173,-3.697104086200851,-3.3613522422312285,-1.8353627643087946,-1.2306954661829748,-3.9066402647104406,-3.4228687032173046,0.3156042186034556,1.0814227072496956,1.0015774377422817
1525700309.0,150,ar4,1.1007,0.0121,1.6540000000000001,-2.5727272727272728,-7.372727272727272,0.8302531251737025,2.178170906488923,1.0785298130241783,1.175200903696792,0.15526438644884366,0.0135,1.9867703667006915,0.6995279641993273,2.167175332201359,15.026709521917583,18.964073859650405,15.004433700688766,14.399375847011877,18.1331701829419,16.026225736777008,21.838022629162065,8.984076245188398,19.057563588203916,18.568137813071072,14.225250049893564,21.09592713024052,4.212566876786743,11.82025650240073,22.274292215402006,4.399017103410925,14.920317288220122,6.6395543740166145,0.5683835298519677,0.8696683517113555,1.023228211014657
1525701624.0,150,ar4,1.1401,0.0173,1.6239,-2.1999999999999997,-6.990909090909091,0.8302531251737025,2.178170906488923,1.046905990457709,1.1307265952035144,0.2357173171401561,0.0194,1.984157055275615,0.6995279641993273,2.167175332201359,15.62078387133574,19.451473401816365,15.586016383205674,14.841413367520467,18.94083827765147,16.590615312461114,22.723178652867453,10.35706346121956,19.804621293807855,19.243084377749717,15.529986382094139,22.588649172884082,6.479128861961624,13.549334924017801,24.541748663064283,6.045470944203328,17.697943486582627,10.1289999141574,0.6333794474118705,0.7915411597780212,1.046411122995266
1525702300.0,150,ar4,1.2036,0.0183,1.8421,-1.8909090909090909,-6.3,0.6995279641993273,2.178170906488923,1.014614986510823,1.1063323368556737,0.27641645710744633,0.0171,2.200451174191329,0.6995279641993273,2.167175332201359,15.855837626417344,19.578188336169145,15.884193112865443,15.001755166959885,19.147489631624314,16.840155696684064,23.026097839933435,11.111346318818372,20.120695905090336,19.529991245740927,16.13767950442389,23.144476343051178,7.656710139899233,14.543750868622073,25.492188397578403,6.946914474950197,19.09158223727325,12.236891213989933,0.6648566424099117,0.7476539561376642,1.0610317580269624
1525702958.0,150,ar4,1.1178,0.0149,1.795,-1.8636363636363633,-5.199999999999999,0.6995279641993273,2.178170906488923,1.0099843108163493,1.081461402510136,0.31554514187001526,0.0139,2.114592594331116,0.6995279641993273,2.167175332201359,16.08023390584934,19.584482093451296,16.095242793409852,15.026902561376442,19.259700586667535,16.962244758933547,23.198952620991143,11.59312727828947,20.153323514616016,19.59392422241888,16.340278351753284,23.347732997658714,8.243096932091458,15.04557485557795,26.059033546652127,7.779179398164513,19.93385829898219,13.325194072658519,0.6940529862377264,0.7023076500374281,1.0769319807655482
1525703615.0,150,ar4,1.199,0.016,1.6959,-1.3363636363636362,-4.372727272727273,0.6995279641993273,2.178170906488923,1.007298220058905,1.055416254312779,0.35408719614748696,0.0138,2.0769395296926683,0.6995279641993273,2.167175332201359,16.27833824683906,19.51343312949734,16.305933814773095,14.927437060779612,19.11716808893206,16.961150697733803,23.023160949893672,12.02468603566642,19.959473160910793,19.43674512874783,16.379042821417507,23.233078813535293,8.774309634332766,15.33135406047935,26.15995648923537,8.58890355601746,20.486998870623964,14.115597994337609,0.7216363143898463,0.6543147206577342,1.0943758706894418
1525704930.0,150,ar4,1.1718,0.0077,1.7063,-0.9181818181818181,-3.6363636363636362,0.6995279641993273,2.178170906488923,1.007789981406616,0.99919845814737,0.4294289005005061,0.0065,2.069921479187073,0.6995279641993273,2.167175332201359,16.250272047015617,18.720974021216993,16.312207918646624,14.143644908534867,18.088004202279926,16.29020307945758,21.845875346039083,12.499579632532082,18.96772409033526,18.463629040328538,15.85099573940285,22.330286638064347,9.69655884095266,15.174347250961391,25.40352101017266,9.974456252772958,20.521463896568026,15.024371151250243,0.7714920241691829,0.5497287247902424,1.1336879448047226
1525717055.0,150,ar4,-0.2891,0.017,2.0262,-0.18181818181818182,-0.027272727272727258,1.0471975511965976,2.178170906488923,1.0492716792346939,0.06561409196913696,0.8733461822051211,0.0165,2.0467206086811163,0.6995279641993273,4.104490801915063,17.980505004115944,21.873932773675563,20.11797185796989,14.17471133167909,15.173170956074241,17.396799593899868,17.86042335911762,20.809704805770334,18.259421700035954,18.183935520364958,18.647018748529526,18.35386258248199,20.78533450219919,17.943367855675707,14.73508660280058,24.509620127453537,13.116433013790111,12.591640285180612,0.7311233001766361,5.648495555292608,1.1094371774211111
1525718369.0,150,ar4,-0.24600000000000002,0.0207,1.9549,-0.18181818181818182,-0.4,1.0471975511965976,2.178170906488923,1.0923624312126226,6.20643784310322,0.8727824727434758,0.0214,1.9703172358785277,0.6995279641993273,4.104490801915063,19.676139151294404,23.12118558090369,22.591247810705877,15.509024762725256,15.900267696996716,19.116040098736615,18.651159562265633,24.06037622567092,20.000791568484075,19.870626431797046,21.178643565611274,19.16436169070966,24.058333493867465,20.32819964705335,14.890479721161135,27.425809975244096,13.449922128136961,12.870782308313395,0.6755375869225254,5.5532964623793335,1.0755206172164449
1525720359.0,150,ar4,-0.2068,0.0089,2.5803,-0.3636363636363636,-0.02727272727272727,0.6995279641993273,2.178170906488923,1.4817454021357113,5.997119355239758,0.8485292672569494,0.0091,2.588573802308908,0.6995279641993273,4.104490801915063,21.15102021226805,23.719301146107437,24.807107221314688,16.578643370695946,16.424606437988597,20.591632677304244,19.206224371339516,26.515483920412727,21.21661394993565,21.201222140241022,23.148856867363097,19.327981308530834,25.83833905949247,21.0128149334826,14.418562343406597,27.797660130883436,12.96940389638404,12.340952250856851,0.5804818177242053,5.428791512184564,1.036509497640315
1525727574.0,150,ar4,0.424,0.0168,1.2841,-1.981818181818182,-0.3636363636363636,0.6995279641993273,2.178170906488923,1.858437281102898,5.427934647318042,0.5797234061730951,0.0162,1.3522902092376474,0.6995279641993273,4.104490801915063,22.986236541527308,22.311102670308777,25.28171088405881,18.77645784713229,18.12735266003119,19.867862116402357,15.953359101119899,17.442408726005148,13.5366288758009,14.797511039736092,12.918586719860766,10.778573924330567,10.825794140222081,9.12282902809126,8.622552056498925,11.533953566390615,6.8639583975672664,6.910038409653362,0.1690509936471818,5.117462150622202,1.0384256399133018
1525730165.0,150,ar4,0.3943,0.0172,0.9297,-3.0,-0.4636363636363637,0.6995279641993273,2.178170906488923,2.000562923567652,5.29547744074409,0.441277323125699,0.0157,1.0098586930853246,0.6995279641993273,4.104490801915063,13.544543722159164,13.337881482282388,13.100915772656482,8.303225456037934,9.153385991133298,9.744399305354861,9.670104586512887,8.432791310214713,7.6938521120762,8.190943676912317,7.170252786931787,7.306449365040715,6.162245751979665,5.219415420014784,5.8148896808240265,7.74781766742696,4.4360116637933205,4.257108096859109,0.0069310938584992154,5.038419956428883,1.0933995524816482
1525730822.0,150,ar4,0.3493,0.0166,0.8601,-3.227272727272727,-1.1545454545454545,0.6995279641993273,2.178170906488923,2.0367583880253433,5.2662122767196635,0.40417715619313754,0.0166,0.9283224116652576,0.6995279641993273,4.104490801915063,10.937164392373829,10.823740151842587,11.226519431025713,6.492863791653484,7.696309733089898,8.342846669625134,8.606261024858572,7.131853733536875,6.685735868838731,7.112756764096003,6.192873306273461,6.572199270380604,5.264058854168507,4.461987368940252,5.195176841452087,6.990669293808198,3.8397690847117056,3.620866890000745,-0.03488952769674758,5.02000375533591,1.1112687358319826
1525732137.0,150,ar4,0.35,0.0083,0.7641,-3.5545454545454547,-1.4272727272727275,0.6995279641993273,2.178170906488923,2.109159083389309,5.211967411206553,0.32800126972647914,0.0084,0.8404456020469141,0.6995279641993273,4.104490801915063,6.9684292235105865,7.182120253444384,8.410832195084597,3.73071631666543,5.31271454168974,6.047832892534061,6.714455059608114,5.025236235876424,4.9349773239110535,5.266084910012706,4.510523011552303,5.2352068028056316,3.705888727994809,3.0934584126597,4.048729940127086,5.646739864296724,2.7018298058528583,2.4997923874846677,-0.11929915733202548,4.9846884972872045,1.1512968011496318
1525735706.0,150,ar4,0.6759999999999999,0.0047,0.3635,-4.572727272727273,-2.472727272727273,0.6995279641993273,2.178170906488923,2.303002302287399,5.087709632962641,0.11130644251819488,0.0044,0.7675338754739103,0.6995279641993273,0.9279915632853851,3.1902522366043806,3.1834126792965947,4.918959861135965,0.11143702712259233,1.7215442180799443,2.7233073715021603,3.3852409464681816,1.8718005396281394,2.0177337917540634,2.281477835180142,1.6061088350072341,2.648923834911344,0.8865606871261168,0.5441970513554052,1.5191283863502125,3.0748476557403737,0.0569451252464918,0.26458649654597016,-0.3521352048185784,4.896183118425858,2.358252389857877
1525744027.0,150,ar4,0.7137,0.0142,0.3709,-4.9363636363636365,-5.409090909090908,0.6995279641993273,2.178170906488923,2.6758004750802975,4.8696569394472995,-0.4261298707338541,0.0153,0.8043223856141268,0.6995279641993273,0.9279915632853851,-0.3950779522588141,6.880283938521216,1.3535869093911341,-3.1836561726721926,-1.6796042579616477,-0.31663868941503404,0.35056462708531244,-1.076867122406322,-0.5170881228831044,-0.5652304510707976,-1.0816101892728207,0.42612195143229614,-1.5427804440252366,-1.9364566062880553,-0.9100054619075455,0.5646201129306389,-2.2649153568571254,-1.9603618327303212,-0.9065455093921684,4.687364236222859,2.67136295729644
1525744684.0,150,ar4,0.7155,0.0255,0.3124,-4.336363636363637,-5.0636363636363635,0.6995279641993273,2.178170906488923,2.6930401070715724,4.8542041137314325,-0.46964430315540495,0.0272,0.7807265910675772,0.6995279641993273,0.9279915632853851,-0.6369024376049844,9.201001716297823,1.1034255387060496,-3.423298467877441,-1.9168444509199516,-0.5437612872371146,0.1379404550668147,-1.2695427657060852,-0.714606059195782,-0.7697577402684757,-1.2570968428844445,0.29698239529968673,-1.6817312740296724,-2.0904519827360506,-1.0338775095048118,0.44281834278551674,-2.3911020044831544,-2.047603819263502,-0.950521297283868,4.666702798510981,2.671898154819797
1525745341.0,150,ar4,0.6424,0.0125,0.3974,-4.181818181818182,-5.072727272727274,0.6995279641993273,2.178170906488923,2.707055175040178,4.8387512060063,-0.513254475390617,0.0143,0.7553836905837986,0.6995279641993273,0.9279915632853851,-0.8824001769192533,8.31999648447867,0.8736493015642686,-3.645570434076431,-2.1389738840548507,-0.7542064515812007,-0.07201237173854153,-1.47023112975231,-0.9146774741709511,-0.9770495056421254,-1.4422040587845526,0.09904780784755997,-1.8386683195338256,-2.247246185925578,-1.1643084416560898,0.3236444901860933,-2.5141210230376405,-2.143640917187914,-0.9944537408496134,4.644459193413652,2.667701528208392
1525750584.0,150,ar4,0.6809999999999999,0.0239,0.2217,-4.863636363636363,-5.036363636363637,0.6995279641993273,2.178170906488923,2.6813658707910033,4.706370327764001,-0.863485085711996,0.0252,0.7161786718410428,0.6995279641993273,0.9279915632853851,-2.4581776756355165,18.96503444746926,-0.8018715854082631,-5.272501747431924,-3.787563837451664,-2.317729837788843,-1.5874488035548615,-2.99716393460091,-2.4166231135102936,-2.475432565436816,-2.8650566375215907,-1.2129783925540147,-3.1100324648058364,-3.54502229740816,-2.421943469431894,-0.7956123120586692,-3.6935659924409117,-3.156395893922091,-1.336943679745977,4.296617067292928,2.496570580378126
1525755254.0,150,ar4,0.7751,0.0022,0.3585,-5.7727272727272725,-5.863636363636363,0.6995279641993273,2.178170906488923,2.4988683560739866,4.52345717925276,-1.1746763037949624,0.0026,0.8539919554656238,0.6995279641993273,5.343674570831039,-3.129378208790949,47.08613463594992,-1.6523256842361491,-6.166317491293294,-4.653357455496752,-3.205657864585413,-2.4153230707532067,-3.793395638023157,-3.256750149798704,-3.320309668265456,-3.629746772102119,-1.1630871270818388,-3.7649411542704563,-4.236317122928207,-2.9774303497557555,-1.35804081735978,-4.22168609807762,-3.575117753688335,-1.4210099239771798,2.3062059170864093,2.4191749252021832
1525762967.0,150,ar4,0.6919,0.012,0.4826,-6.2727272727272725,-5.254545454545455,0.6995279641993273,2.178170906488923,2.0934604808406916,2.1629975479283816,-1.3939146304256904,0.0125,0.8435806837523011,0.6995279641993273,5.343674570831039,-3.9691166221654766,39.087842350338036,-2.4399668039197464,-7.019389747864292,-5.462644245983397,-4.06130753782193,-3.2139468312223727,-4.566221913776511,-4.099122344852476,-4.16211188747361,-4.460337268739209,-2.0196201297870915,-4.514870955145543,-5.014462729719807,-3.5866574810721796,-2.0505922120132074,-4.856514372883917,-4.189426313118587,-0.9284638011805728,1.6041704660046625,2.6778549457048704
1525766881.0,150,ar4,0.6792,0.0104,0.5415,-6.527272727272727,-5.7,0.6995279641993273,2.178170906488923,1.8785786960973925,1.7350446455437252,-1.147340892711067,0.011000000000000001,0.8686396778872123,0.6995279641993273,5.343674570831039,-4.126636879865972,38.44434431223304,-2.6017206233721946,-7.191335660217005,-5.625857495053187,-4.2484648039783055,-3.397083339979069,-4.729594835388329,-4.310521760593706,-4.373035868752355,-4.6424737677350905,-2.1788170180996747,-4.712731196773225,-5.207903999982628,-3.7595325355368634,-2.2775286687774945,-5.048530988143139,-4.381158910701702,-0.6666189987005914,1.49758042656017,2.598858905774281
1525770188.0,150,ar4,0.6796,0.0259,0.5563,-6.6909090909090905,-6.318181818181818,0.6995279641993273,2.178170906488923,1.7006858635573714,1.603510901148851,-0.927058680945541,0.0272,0.8782515869612761,0.6995279641993273,5.343674570831039,-4.118649813155642,38.579395309291385,-2.614348214089733,-7.204909258984143,-5.634920235770184,-4.271350205116865,-3.423013439602062,-4.7414580345294555,-4.3627167945894465,-4.421668031808032,-4.675856123506357,-2.178863592799037,-4.761694261454887,-5.253539650498431,-3.7977166726769886,-2.336573386071444,-5.085664242740802,-4.419387851314202,-0.44669322522636185,1.4187265964678806,2.4450829655383006
1525776248.0,150,ar4,0.4902,0.0167,0.3321,-6.7272727272727275,-6.881818181818182,0.6995279641993273,2.178170906488923,1.398116154960835,1.4455939159573274,-0.5222773277618362,0.017,0.5921034115760523,0.6995279641993273,2.14535871655143,-4.325998800588315,39.76856097952955,-2.786984708561946,-7.397519945203879,-5.825021187621497,-4.462882231241201,-3.595107562229926,-4.930505297014891,-4.553855801157434,-4.602878606897127,-4.844715303587062,-2.4202690200001196,-4.952214025641368,-5.4049629949426246,-3.9082931523104416,-2.427014330176983,-5.163458793982944,-4.482411701459372,-0.05167088831428224,1.2676896650451488,1.0984457361278137
1525776905.0,150,ar4,0.4632,0.0255,0.2419,-7.0,-7.054545454545454,0.6995279641993273,2.178170906488923,1.3681616448865737,1.430104236485113,-0.4786821915849706,0.0269,0.5225608576998473,0.6995279641993273,2.14535871655143,-4.3962766694430595,39.82083348542254,-2.843440995443829,-7.439870941687317,-5.874353674545099,-4.521808734131925,-3.642471434629104,-5.0054646380737084,-4.5993644004185885,-4.650097198687768,-4.913546965605287,-2.484546948133606,-5.027743356115699,-5.471893061951842,-3.983302679086203,-2.4956625823547074,-5.222076522729391,-4.542883864153654,-0.009817091905216069,1.2494315385171566,1.079560542211778
1525777592.0,150,ar4,0.4098,0.0136,0.3204,-6.836363636363637,-6.545454545454546,0.6995279641993273,2.178170906488923,1.337629519098734,1.4139171195312596,-0.43319889583751175,0.0143,0.5201847748637016,0.7866198938738443,2.1785199723393216,-4.330577752317314,40.01292873244701,-2.7682407639434987,-7.352375157394673,-5.7859060000151645,-4.466606545236081,-3.572693701711284,-4.9860411993595575,-4.525550062618973,-4.574810296337108,-4.882817897864682,-2.4388993489776762,-5.015635378404128,-5.436794294381668,-3.9644482456138666,-2.4721037892831133,-5.1853148629835495,-4.516002022847891,0.033671399832986726,1.2297264709510654,1.1206440738761387
1525783965.0,150,ar4,0.4873,0.0147,1.0021,-3.963636363636363,-7.0181818181818185,0.6995279641993273,2.178170906488923,1.105729730673997,1.2533681112182677,-0.018714821503203586,0.0164,1.1143005429416248,0.7866198938738443,2.1785199723393216,9.016201396712617,55.7836425456111,9.554455918399876,7.447201332352453,10.091192929101437,9.197595555915743,13.038778441863116,3.187460932515789,11.053972915413897,10.746721022460564,6.408673233916204,13.03038342241519,-0.25856991158590586,3.0003494196613305,9.646818140730428,2.0405071477992998,2.9084299998562404,0.8455543216548816,0.4175457689302327,1.0021916070089472,1.0060551165798115
1525787933.0,150,ar4,0.6913,0.013999999999999999,1.6643,-2.5727272727272728,-6.045454545454546,0.7866198938738443,2.178170906488923,1.0434932272874111,1.1295454598211145,0.22808333177384155,0.0131,1.80216263971929,0.7866198938738443,2.1785199723393216,11.688815136674965,59.50845074711434,12.066456429656505,10.248496047935308,13.62561063026176,12.325405137408692,17.08482997900128,7.942175842623015,15.153940310418411,14.665612579603426,11.898438041742812,19.571548630402077,5.1199457056118165,10.52252230900463,19.142551800739163,5.70432385497808,14.124034487756058,8.182207150497609,0.6257516544806433,0.792997186936516,1.0238136908399824
1525790244.0,150,ar4,0.6076,0.0129,2.0867,-2.0000000000000004,-4.190909090909091,0.7866198938738443,2.178170906488923,1.0118861673692108,1.0416498097390028,0.36495465709803465,0.0145,2.173360220948198,0.7866198938738443,2.1785199723393216,22.206547974624918,66.5459968761807,22.318591359453492,18.535611009929806,20.254167522611347,20.954119521434396,23.35944925995122,19.966126715101783,23.109963482370667,23.180362793118462,21.36969505499668,27.394535318168156,17.295846676156653,20.840892957691374,24.97991614187747,18.323999081231705,22.926983150125302,19.869316326613724,0.7270930445278404,0.633027785406687,1.0656468300773445
1525791614.0,150,ar4,0.7661,0.0162,2.0356,-1.3,-3.627272727272728,0.7866198938738443,2.178170906488923,1.0042371098374872,0.9818857096801051,0.44270254781444995,0.0173,2.1749888666381723,0.7866198938738443,2.1785199723393216,19.60860422098151,63.368905141499695,16.992311338500162,13.620635711454716,16.372720606659804,16.15195725090948,19.70824533659168,14.51900637335178,18.420531171392753,18.069530842131112,16.60296753237562,25.199651431060083,12.592090368242607,16.399274194609617,23.518896594046424,13.202932677165053,20.540689580826136,17.043320984547154,0.7771742665726228,0.522108435473448,1.1001932999326387
1525792929.0,150,ar4,0.7353,0.0055,2.079,-1.309090909090909,-3.2,0.7866198938738443,2.178170906488923,1.0049236991888044,0.9179034412604901,0.5142992944896363,0.0051,2.2052000113368404,0.7866198938738443,2.1785199723393216,16.827829101710353,61.928340579982894,15.027997671028285,11.35699538019648,14.07626326600281,13.860581804027627,17.219178880250503,12.524145578861276,16.11558292922374,15.448541880536677,14.140064191995098,22.362358621895293,11.082563691697223,13.889199353507612,20.698270857296407,12.223782533025036,17.73045644058577,15.412486995353188,0.8164969212833235,0.40405660286080697,1.1394254524386178
1525795349.0,150,ar4,0.349,0.0137,1.8005,-1.0272727272727273,-2.618181818181818,0.7866198938738443,2.178170906488923,1.026560704974331,0.7793943280106501,0.6359793469486651,0.0143,1.8340123363816283,0.7866198938738443,4.091400832525107,16.867381189593292,60.4052862487272,14.529968432908273,10.542991120888251,12.781658318611681,12.930845804660631,15.418305381737062,12.02484885713579,14.990536752293321,14.037047547694963,12.454375113687748,21.230494273080353,10.64454106425571,11.50544618580093,15.2429704707988,12.133679243348368,12.927129671877507,11.268214192909165,0.8618264596794726,0.16130557509705334,1.3558905057540225
1525796006.0,150,ar4,0.3398,0.017,1.8228,-0.8181818181818182,-2.5272727272727273,0.9519025740377073,2.178170906488923,0.9739376108636665,0.7363721635274336,0.6661994383405038,0.0192,1.854201682665616,0.7866198938738443,4.091400832525107,17.988917844512052,60.76564423299895,15.021221467224551,10.985226825984412,13.10377502581777,13.401247474917078,15.695350629931287,12.631737927402863,15.429567070050105,14.478066655537145,12.883412850123644,21.57987909263089,11.203442238857653,11.812202983967527,14.698721507207694,12.861656176239512,12.692447585924983,11.070384044999402,0.8673395343406141,0.09147479834642998,1.32712143778778
1525802119.0,150,ar4,-0.1755,0.0197,2.4283,-1.1727272727272728,-1.090909090909091,0.7866198938738443,2.178170906488923,1.2085617373457915,0.2063461729067703,0.8565848880704234,0.0226,2.434633676757142,0.7866198938738443,4.091400832525107,16.21319599493095,125.15114258683471,16.654020339224786,10.922354143634907,12.392734343992041,14.089535156964292,15.08560693526184,16.944702438987385,16.151659381952648,15.157766617091282,15.462746642471462,19.77127727724465,17.137571457235047,15.072638261934166,13.262044987480563,21.44619789967584,12.32715310133096,12.545389565379812,0.7760401598519548,5.759845573528702,1.107651999808509
1525804755.0,150,ar4,-0.1454,0.0079,2.4501,-1.3909090909090909,-0.9363636363636363,0.7866198938738443,2.178170906488923,1.3156424759267504,6.208115235858624,0.8681081127994508,0.0083,2.454410554491648,0.7866198938738443,4.091400832525107,15.494019080514228,149.70661849789462,18.330594835572303,12.057354222716855,13.155126234420282,15.508600779549997,15.915795191249154,18.798971571285495,17.391824541536593,16.542386717761257,17.156437012298785,18.76149015774018,18.766050560151694,16.5183016881518,13.679019946774925,22.472584428581502,12.824689183433946,12.679703799145958,0.6723768968454721,5.557905224343934,1.0489556249103464
1525812536.0,150,ar4,0.3588,0.016,1.7028,-3.036363636363636,-1.2818181818181815,0.7866198938738443,2.178170906488923,1.6977033800200405,5.519276441502803,0.6459835741323008,0.0179,1.7401911619129664,0.7866198938738443,4.091400832525107,11.4449925481412,142.03647811548345,13.685228547320152,8.18027551105079,9.297947435098289,11.234339616728683,11.450750972063648,12.338618552168187,11.32353268356877,11.236551118610224,10.605875354066017,11.043158479955528,9.745275613479828,8.338416458110945,8.386491468147351,11.626281764994392,7.065901240984699,7.132883242797527,0.25406145658591184,5.171000056465174,1.046773152465549
1525813851.0,150,ar4,0.33899999999999997,0.0178,1.5344,-3.272727272727273,-1.563636363636364,0.7866198938738443,2.178170906488923,1.7682277139179314,5.438894706369084,0.5824801733121088,0.022000000000000002,1.5714020363993422,0.7866198938738443,4.091400832525107,9.326570692500084,138.42892347799253,11.350449131650226,6.1306382185025035,7.332568427443658,8.716510324585338,8.946419766567145,8.623623531697744,8.098266421605931,8.117458567357696,7.565736297156912,9.007273722238322,6.896581802571464,6.06890343022129,6.80266475407959,9.179431424058832,5.401839169176011,5.599412224202527,0.17419869685091596,5.125644469441351,1.0721293683257764
1525814476.0,150,ar4,0.3353,0.0148,1.3382,-3.5909090909090917,-1.7272727272727268,0.7866198938738443,2.178170906488923,1.8021008592579804,5.403853652850925,0.5506865735445325,0.0183,1.3795670806452291,0.7866198938738443,4.091400832525107,8.482789355677163,137.64514748484947,10.352061480492413,5.157522613288999,6.2638866399967625,7.2923544191792535,7.7835204898213926,7.075839562052346,6.670052424477751,6.833611901286397,6.345831257493425,8.042992417311932,5.743421218184424,5.046761385395941,5.993772188726384,8.100995940960738,4.5861535705058625,4.808476648744969,0.1356847707075879,5.105377264855926,1.0865095970689995
1525815133.0,150,ar4,0.3068,0.0202,1.2538,-3.9181818181818184,-1.8818181818181818,0.7866198938738443,2.178170906488923,1.8379143030777816,5.369022560233154,0.5162859830941715,0.0205,1.290790718900628,0.7866198938738443,4.091400832525107,6.692110059726563,136.0828089985921,8.336187518512606,3.376069378833505,4.7399132359152185,5.806687891040824,6.527698209753238,5.556715734612217,5.346354281297788,5.496524329292378,5.068354734910164,6.931535100629847,4.544561997017509,3.9383322991064222,5.090505406664171,6.983093796007803,3.666356564268512,3.8905681057131964,0.09485612789752973,5.084865688771536,1.1031554112354165
1525816448.0,150,ar4,0.2843,0.011000000000000001,1.1313,-4.590909090909092,-2.0999999999999996,0.7866198938738443,2.178170906488923,1.9101096255642407,5.304897140498509,0.4447884248863301,0.0124,1.1664759663190665,0.7866198938738443,4.091400832525107,4.014635813933486,133.10535381143234,5.640334175467734,0.8946172980645153,2.5585511801766927,3.7057118266992877,4.623565515528785,3.289870879057926,3.357897611256241,3.500221694854064,3.1153860677988323,5.131010786300676,2.6060881064521353,2.1313734913354496,3.4505793153420274,5.10402814003891,2.024487905928944,2.2757877956177595,0.012196853429535805,5.045969806909747,1.1408910939569077
1525817106.0,150,ar4,0.3352,0.0082,1.1505,-4.781818181818181,-2.0272727272727273,0.7866198938738443,2.178170906488923,1.9464311832029617,5.275328409434957,0.40785358388010384,0.008,1.1983360505300675,0.7866198938738443,4.091400832525107,3.09585486349229,128.35980622904745,4.703030604505026,-0.03281105250623057,1.7049355811575138,2.8786484057903756,3.8512296289644854,2.42091191268807,2.585800554653686,2.721568866503376,2.3351184660818145,4.4174376676902645,1.8218306273924318,1.401461936479778,2.6935411548942456,4.330694159924266,1.318566281505917,1.5883927448377737,-0.029582856886052774,5.0274552063198765,1.1618351399152778
1525818028.0,150,ar4,0.3829,0.0125,0.9838,-5.172727272727273,-2.454545454545455,0.7866198938738443,2.178170906488923,1.997469714306552,5.236400268260149,0.35497544807229464,0.0141,1.055686909078634,0.6995279641993273,4.104490801915063,2.107074200396678,128.32470763002954,3.7027539869009427,-1.0437700993485364,0.7509718855607431,1.9580268876803848,2.953661819266661,1.4431529059377017,1.7272788518528013,1.8657077466172076,1.4530813845540858,3.576734229144749,0.9244008784105552,0.5700153387036858,1.8561592783234708,3.424909029006969,0.4821790331655818,0.7779911933643584,-0.08853870813999909,5.00242564010079,1.139488045034515
1525818686.0,150,ar4,0.4513,0.0089,0.9636,-5.327272727272727,-2.5545454545454542,0.7866198938738443,2.178170906488923,2.033953610239446,5.210242592698558,0.3165193369952151,0.0086,1.0640472968811114,0.6995279641993273,4.104490801915063,1.5741704856086338,128.05368531851082,3.202240932891311,-1.533255911220067,0.3120204038316617,1.5063915766342604,2.4994630542516263,0.9750859921066948,1.3266680337353762,1.4521278080801328,1.0351794143337902,3.171369064974149,0.494148784465772,0.17254224634045504,1.4345035781703894,2.967051523248479,0.05629830671771949,0.36360594647901606,-0.1308811702320265,4.985137664519371,1.1604383940669258
1525820791.0,150,ar4,0.5238,0.0044,0.6375,-6.245454545454544,-3.2454545454545456,0.7866198938738443,2.178170906488923,2.150570375716835,5.1343084914552355,0.19012005406031718,0.0054,0.8250895042357526,0.7866198938738443,0.7538077039363509,0.682661945147921,128.6921133534235,2.3475533033230533,-2.451825912263034,-0.8240206720276456,0.5493037009009434,1.3531928921950895,0.014622421488153925,0.3604470785094864,0.49263921988919335,0.05849679638076089,2.0496327812524022,-0.41923552361998717,-0.7846969239472454,0.3404783258355832,1.9001754603072343,-1.0717536715455827,-0.6792562242259301,-0.2676170773763069,4.932385474174022,2.1338474488359607
1525821449.0,150,ar4,0.5372,0.0073,0.6093,-6.418181818181818,-3.454545454545455,0.7866198938738443,2.178170906488923,2.186854136001192,5.112649652095086,0.14971128767735853,0.0099,0.8122994090850983,0.7866198938738443,0.7538077039363509,0.4506425737423757,126.96548059081687,2.1048808657332545,-2.6718342537759776,-1.0660907597599443,0.32524955822840723,1.1063208499064603,-0.19615378612516504,0.1527657520930944,0.2737593104498809,-0.16114306496304576,1.8315223736654913,-0.6147622745084157,-1.0080033806546818,0.09932334077500839,1.6711951989901987,-1.3008202410327057,-0.8916652060424943,-0.3107034386858847,4.916510821553767,2.1745485320324023
1525823263.0,150,ar4,0.5945,0.005,0.4651,-7.190909090909091,-4.4,0.7866198938738443,2.178170906488923,2.2859234825897246,5.057082154376451,0.03651828245800615,0.0048,0.7548167062274126,0.7866198938738443,0.7538077039363509,-0.1866856422611749,125.67324656144993,1.4194388419659794,-3.2629970588412065,-1.7227514591149473,-0.2442999680615332,0.4797073808916286,-0.7600598318395854,-0.3648715851535269,-0.27029050580608627,-0.7130305620737271,1.3249038409458223,-1.1246553859785278,-1.531434651353851,-0.44216106173509107,1.112322156900798,-1.8012115760379606,-1.36075170883461,-0.43017646636111984,4.8736692133165525,2.2832858513344285
1525823921.0,150,ar4,0.5846,0.0155,0.4805,-7.418181818181818,-4.672727272727274,0.7866198938738443,2.178170906488923,2.3213466948103676,5.0382175867728485,-0.005105720527699199,0.0131,0.7567280951570385,0.7866198938738443,0.7538077039363509,-0.4498812609603296,125.81704315174822,1.1543882043855676,-3.513743482948221,-1.993591724209394,-0.4904915091288768,0.2261760601608352,-0.9941112017164202,-0.596406247169876,-0.5155541567618417,-0.9423791843107121,1.0932698059533428,-1.3343836297721263,-1.7451997378593116,-0.650941089158988,0.9103787092664108,-1.9953567476187106,-1.5149470278018085,-0.4737295490081159,4.858311172175378,2.321180160303674
1525843051.0,150,ar4,0.4636,0.0092,0.6977,-7.145454545454545,-7.627272727272726,1.0471975511965976,2.178170906488923,2.7424700230910255,4.4376929166802945,-1.2676108729061863,0.0105,0.8376814728761762,0.7866198938738443,2.1683970626777547,-3.471079374956982,126.49474779824526,-2.1651299179643786,-6.7507247287776195,-5.220831472999267,-3.777856045147664,-2.9518046754862772,-4.2744210449118745,-3.825378418793601,-3.85421255862356,-4.136663260197367,-2.10915531554793,-4.267295644421467,-4.704129941391962,-3.282755702977217,-1.7184935251367848,-4.512409193888761,-3.8427643543949284,-1.3441593260076463,1.9783902569824856,2.1341536717592167
1525847269.0,150,ar4,0.5966,0.0122,0.8094,-7.590909090909091,-6.972727272727273,0.7866198938738443,2.178170906488923,2.297626165787122,3.1320408061821614,-1.472602708446442,0.0134,1.0055147537455629,0.7866198938738443,5.515240436302081,-3.728306730043993,118.66762280574322,-2.426870268715401,-7.0332176391191,-5.4751129390707165,-4.073649932426063,-3.2148088009791866,-4.520228573254934,-4.10581548739509,-4.146905445968046,-4.418905521207941,-2.4208971513699606,-4.5291115801416355,-4.990172210639861,-3.499824442067115,-2.018550025860785,-4.758501998336144,-4.0601179810619135,-1.0696771710408517,1.6700046726271809,2.645864861585045
1525851833.0,150,ar4,0.6563,0.0123,0.8586,-8.318181818181817,-6.8999999999999995,0.7866198938738443,2.178170906488923,2.0469448918327946,1.8138757229063742,-1.2436382206347916,0.0147,1.0807051633077358,0.7866198938738443,5.515240436302081,-4.6527540491701185,122.588143914681,-3.2500075121748284,-7.888893196552605,-6.314686239093849,-4.940104740935687,-4.057669233324063,-5.365558044599759,-4.94012482436428,-4.9804544908942585,-5.260909755282018,-3.3077936569919757,-5.352352340391303,-5.8016789613311195,-4.269103448676198,-2.8382306170057623,-5.555378241975004,-4.864785779376533,-0.7644615376263224,1.5278310348143782,2.5463908721888986
1525857718.0,150,ar4,0.6127,0.0108,0.8765,-9.20909090909091,-8.42727272727273,0.7866198938738443,2.178170906488923,1.7248727954510041,1.5629112031270056,-0.8524638230706931,0.0132,1.0694173834382903,0.7866198938738443,5.515240436302081,-5.139627356226628,115.09937916214551,-3.7188383626340147,-8.362406601235584,-6.783076671105435,-5.3991918960341385,-4.518985556864847,-5.8177038982555835,-5.400632062129577,-5.448752059188887,-5.716808566815637,-3.8287741666110002,-5.827394456806671,-6.273205362153984,-4.7409174132001475,-3.33622093169847,-6.0500861552361505,-5.347334271495137,-0.3733675041773945,1.3871607929054453,2.2407806499507252
1525860132.0,150,ar4,0.5969,0.0195,0.8270000000000001,-9.254545454545454,-8.363636363636363,0.7866198938738443,2.178170906488923,1.5980957366756166,1.5002842862500183,-0.6910076521321216,0.0216,1.0199110794574202,0.7517133088339577,1.1522663721666564,-5.355637493200845,115.36735935412275,-3.9407217992458774,-8.560253506457183,-6.993204653463186,-5.599344831621015,-4.724250952597166,-6.035968804072952,-5.611424832798791,-5.656293391691064,-5.948840374312937,-4.075079304127603,-6.036253390866072,-6.4935714230272605,-4.968988496377935,-3.5368463347851202,-6.271078111837835,-5.581638959624653,-0.2154233536965382,1.3287768865638778,0.9805436282640164
1525868474.0,150,ar4,0.5045,0.0173,0.7804,-5.954545454545454,-8.972727272727273,0.7517133088339577,2.178170906488923,1.196710158754718,1.2998077473425755,-0.14147630671263725,0.0207,0.9292709023745442,0.6995279641993273,2.167175332201359,0.12435389832571705,113.18135556236116,1.4002627482377052,-2.6994332880602023,-1.0304373003342762,-0.141498031153492,1.3472558369803915,-1.742385751952649,0.27554262424639386,0.2756374893632121,-1.384246856141599,0.8286634667333963,-2.467058492424724,-2.418728020674706,-0.6789252880895551,0.025305505831209975,-2.0451745559981322,-1.4521656338661455,0.3059916551927273,1.0760426202167162,1.011425583260631
1525873036.0,150,ar4,0.6343,0.0126,1.2758,-4.136363636363637,-7.590909090909093,0.6995279641993273,2.178170906488923,1.0504037469184715,1.1688809539925367,0.1468218303028681,0.0151,1.4247814323607677,0.6995279641993273,2.167175332201359,5.065920998421665,118.5465435357127,6.062329137723852,2.8336324511758764,5.218049142652963,5.2686318408621,8.10006260289775,3.139135730576213,7.086938336049446,6.759031516384498,5.0612122900316345,9.086063141683598,1.6284270914065249,4.071126477617248,8.928831239736912,3.5402433235845083,5.680876834899945,3.400397117980669,0.5585951068495403,0.8651949984240433,1.0314587904297483
1525874371.0,150,ar4,0.7513,0.0141,1.4024,-3.754545454545455,-6.290909090909091,0.6995279641993273,2.178170906488923,1.0312021261121946,1.1239301701644844,0.22825916105742983,0.0167,1.5909674572410335,0.6995279641993273,2.167175332201359,6.147989471568858,118.36739280703034,7.1122391590730585,4.17695179874986,6.977558137971815,6.628715346153637,10.120838692423987,4.314676445503141,8.870837465267329,8.50363922178234,6.772893780259862,11.567387216273808,2.9625122271441153,5.983858503065442,12.170593776916458,4.555570459512117,8.605706826583969,5.660959086520808,0.6242934299401349,0.7865028348671388,1.0544882216619458
1525875029.0,150,ar4,0.7578,0.0118,1.3475,-3.3272727272727276,-6.127272727272728,0.6995279641993273,2.178170906488923,1.0245274802747861,1.1002884120965268,0.2677502065857589,0.0129,1.5459680106651623,0.6995279641993273,2.167175332201359,6.361704762366573,118.88727516507832,7.320878786407117,4.463494903797058,7.461038374202238,6.93003731073158,10.725008679134998,4.598146710572755,9.342556406745603,8.907152570546529,7.254081485002207,12.415179272403428,3.28381251284319,6.5915229304505,13.439798721705218,4.744975492207495,9.641154665574215,6.535660658106984,0.6547974197313761,0.7441634906055072,1.0684642203154429
1525876344.0,150,ar4,0.7633,0.025,1.3709,-2.5545454545454542,-5.572727272727273,0.6995279641993273,2.178170906488923,1.0168953992795262,1.0496322278310477,0.34517491174130743,0.0278,1.5690741537607455,0.6995279641993273,2.167175332201359,7.173389731346326,126.90988352971837,7.960249617084608,5.1742985854528065,8.39806441960712,7.675370895413959,11.854085815161193,5.450536612659301,10.361373072887732,9.77752216137395,8.269513707040458,14.338789249484238,4.165124017662708,8.06639388043202,15.911780735275187,5.655461645960955,12.095064989445317,8.513818086456128,0.7113763737516715,0.6518373642872726,1.101246720284728
1525877006.0,150,ar4,0.9033,0.012,1.4219,-2.6090909090909093,-5.427272727272728,0.6995279641993273,2.178170906488923,1.015976740634753,1.0222014286918675,0.38329543837691893,0.0131,1.6845624060865183,0.6995279641993273,2.167175332201359,7.58630019250485,134.656622615899,8.190255803056031,5.301851278746385,8.628356316633354,7.810005099193055,12.105272351322157,5.7724163668329025,10.526820390556463,9.95912111797582,8.506455247274204,14.997968767173814,4.549043677535121,8.455912874475661,16.42731132014734,6.175045350263965,12.866733364835861,8.908941691213336,0.7373462737983251,0.6012468847741805,1.1200487175624196
1525877663.0,150,ar4,0.937,0.0064,1.4487,-2.581818181818182,-5.199999999999999,0.6995279641993273,2.178170906488923,1.017011744503453,0.9935486135849154,0.4204839395744233,0.0061,1.7253117660295487,0.6995279641993273,2.167175332201359,7.874839309123601,135.52808888341173,8.444293542936684,5.337192259231733,8.544972311874085,7.877684645787327,11.958743739238889,6.118785071714371,10.37416827245147,9.865011518462167,8.491450532549884,14.882066959619545,4.974498614115508,8.488462478188712,16.26890830527571,6.66294485101009,12.907999682331141,9.420027173758925,0.761239138544532,0.5482206448903437,1.1401288141564452
1525883612.0,150,ar4,0.3781,0.0163,1.3031,-2.1454545454545455,-2.4454545454545453,0.6995279641993273,2.178170906488923,1.1102121199630233,0.646770565485603,0.7141267054684288,0.0219,1.3568453191134204,0.6995279641993273,4.104490801915063,11.16197640663412,138.46546268805525,12.439540529147042,8.501215650732854,10.45726905544386,11.243148152805157,13.32005071944947,10.766789818330748,12.57434217744078,12.421571250649958,11.12591557998397,14.48207933242788,9.782946596878872,10.162641424720105,12.230749848649848,12.080211759169527,10.57131317542693,9.843560876256056,0.8647646417398702,6.244924653561492,1.3467325634863776
1525929796.0,150,ar4,0.4242,0.0091,0.6631,-9.627272727272727,-8.0,0.8302531251737025,2.178170906488923,2.541488755594826,4.421126571518163,-1.2916999620647727,0.0104,0.7871767590573292,0.8300785922485032,2.190388211252884,-7.769316577648947,158.82251181490798,-6.219823900327834,-11.178684839914972,-9.711311878019854,-8.158779513072597,-7.476967769716405,-8.634021069646922,-7.073058573414283,-7.142601436633934,-8.055731918009243,-5.745710475361435,-8.331861018326936,-8.043761397510885,-7.626456548618232,-5.563967910817795,-7.682223978184326,-6.886565613796373,-1.3245493836981947,1.9153047723286696,2.162058808805848
1525936965.0,150,ar4,0.4704,0.0156,0.6448,-11.70909090909091,-9.600000000000001,0.8300785922485032,2.178170906488923,2.1631355572091606,1.9190054794429425,-1.3265012071810967,0.017,0.7981498606151605,0.8300785922485032,5.639333346118878,-10.221695442957438,116.6504088852505,-8.251757831258026,-13.643830732928858,-12.269286585519836,-10.707518623813963,-10.149138777737038,-11.614217149349715,-8.166677882734636,-8.520798930400352,-9.105205712222254,-6.8662384550769895,-9.886694774211222,-9.099885601986978,-10.266371607671811,-6.9168271897419995,-9.032623943430321,-8.501703493642186,-0.8503546280235993,1.554801147237097,2.5254520511803857
1525937623.0,150,ar4,0.4155,0.0213,0.6233,-11.763636363636364,-9.827272727272726,0.8300785922485032,2.178170906488923,2.126585786278413,1.8501407911185475,-1.284592945357414,0.0222,0.7490948805058008,0.8300785922485032,5.639333346118878,-10.136000368012677,117.01717959040808,-7.9349985614675935,-13.587776199609326,-12.263765148197493,-10.591380001490828,-10.124577866573125,-11.666844507000066,-8.217027591031654,-8.549630449100029,-9.071905359975357,-6.884098408159179,-9.642013896930289,-9.122684072304793,-10.292589276709515,-6.889086008380128,-9.094563424129872,-8.586538843574631,-0.8063173652470725,1.537271925541501,2.498653328633383
1525940200.0,150,ar4,0.4383,0.0199,0.7292,-10.890909090909092,-10.745454545454546,0.8300785922485032,2.178170906488923,1.983149191311333,1.6887037608147057,-1.115330588918733,0.0214,0.8507875939386986,0.8300785922485032,5.639333346118878,-8.58673145736765,105.69287059918952,-6.842724066951695,-11.643683983601605,-10.312358395367728,-8.603354620494008,-8.096070309974749,-10.247253403504795,-8.081914786721853,-8.233680895727616,-8.599534473834353,-6.731553144971434,-8.862595691401081,-8.974033265890895,-9.00813918002864,-6.5526640471048045,-9.0803407399491,-8.680143961852838,-0.6341968332621519,1.4737167287432882,2.3744731458833708
1525947890.0,150,ar4,0.049,0.0174,0.5706,-9.91818181818182,-10.627272727272727,0.8300785922485032,2.178170906488923,1.5687102645995181,1.462179405573665,-0.6015664251482691,0.021,0.5727000611140179,0.8300785922485032,4.078659928985549,-8.214456218678224,95.56614713566378,-6.653314827805511,-11.23263090676941,-9.71584946802764,-8.260953202594695,-7.4330995751902025,-8.744978093113719,-8.3468259601746,-8.42349233195714,-8.586990290052885,-6.972341376700929,-8.704887434382387,-9.121659843871702,-7.867969870682693,-6.276596358369299,-9.090641804733075,-8.540581948905183,-0.1291103090195267,1.2898350098621267,2.3789438918929395
1525956163.0,150,ar4,0.4239,0.0129,0.9763,-7.281818181818181,-9.763636363636364,0.8300785922485032,2.178170906488923,1.1969289222775605,1.2613182938183705,-0.060389268224504855,0.0132,1.064355626658684,0.7866198938738443,2.1785199723393216,4.715784198025108,104.5783702763266,5.3377675825588975,3.6266956709159017,6.4468510997628545,5.230905764447451,9.56248648233111,-2.281874242067184,6.881138011649936,6.4799023417894235,1.0625796544979822,6.835015092304236,-5.315390457718441,-2.965404594115113,2.8682588632188715,-2.9081666533357167,-3.8387464373862925,-4.5761421126209285,0.3783713490048919,1.0198580121251974,1.0187671147958617
1525960745.0,150,ar4,0.7506,0.0146,1.6986,-5.2727272727272725,-8.909090909090908,0.7866198938738443,2.178170906488923,1.0521049621411243,1.1206618241158246,0.2245708079945563,0.0151,1.8570520509668007,0.7866198938738443,2.1785199723393216,7.109147737889264,107.35618627740956,7.690772617807828,6.05544181834911,9.90568929618651,8.219759651921612,13.61718920348343,3.696787519523892,11.567259898915117,10.737603405084874,7.905872441441662,14.678910737626877,0.7272786212170116,6.457708950758138,16.39286090958651,1.4792479757667885,9.995594300910746,3.3160843249315595,0.6198239195953452,0.7841303838676297,1.0331224527919909
1525962060.0,150,ar4,0.8059999999999999,0.0114,1.8481,-4.854545454545455,-7.981818181818181,0.7866198938738443,2.178170906488923,1.0315768322613914,1.0724070281753166,0.3028811546286938,0.0115,2.0162116977143048,0.7866198938738443,2.1785199723393216,7.078627161128853,107.13890380631732,7.773865351369699,6.002918988274226,10.019516359557601,8.273762972485033,13.760724733363881,4.482137237097377,11.681170392246583,10.915641675830772,8.621632486829327,15.347280894795986,2.3009864851220443,7.893611956374159,17.63422753822262,2.642759130649196,12.46554883512584,6.685096358752895,0.6792324089947281,0.6973578647882879,1.0541905895177048
1525962717.0,150,ar4,0.8752,0.0098,1.8554,-4.463636363636363,-7.545454545454547,0.7866198938738443,2.178170906488923,1.0240654986953852,1.046550975917845,0.34123208237536384,0.0097,2.0514590417554044,0.7866198938738443,2.1785199723393216,,,,,,,,,,,,,,,,,,,0.7066598688632637,0.650136780261494,1.0673385319894644
